CODIGO;CREDITOS;DISCIPLINA;TIPO DA DISCIPLINA;TURMA;HORARIO;CURSOS
4645G;4;ALGORITMOS E ESTRUTURA DE DADOS I;TEORICA;128;3AB 5AB;4/606
46171;4;ALGORITMOS E ESTRUTURAS DE DADOS I;TEORICA;590;3CD 6CD;4/450
46503;4;ALGORITMOS E ESTRUTURAS DE DADOS II;PRATICA;127;2LM 4LM;4/630
48231;3;ARQUITETURA DA ANTIGUIDADE A IDADE MEDIA;TEORICA;260;2FGH;4/804
46186;4;ARQUITETURA DE COMPUTADORES II;TEORICA;590;2LM 4LM;4/450
48144;2;ARQUITETURA E GESTAO;TEORICA;260;2JK;4/804
4422H;2;ARQUITETURA I;TEORICA;470;3JK;4/451
4422R;4;ARQUITETURA II;TEORICA;480;6JKLM;4/451
48239;3;ARQUITETURA NA AMERICA LATINA;TEORICA;260;2IJK;4/804
48242;3;ARQUITETURA NO RIO GRANDE DO SUL;TEORICA;260;4IJK;4/804
4636C;4;AUDITORIA E SEG DE SISTEMAS DE INFORMACAO;TEORICA;168;2LM 4LM;4/624
34668;2;BIOINFORMATICA COMPARATIVA;TEORICA;1;2AB;9/404
4621L;4;COMPUTACAO E SOLUCAO DE PROBLEMAS I;PRATICA;350;2JK 4JK;4/211 4/451 4/452 4/455 4/458
4621L;4;COMPUTACAO E SOLUCAO DE PROBLEMAS I;PRATICA;380;2LM 4LM;4/211 4/451 4/452 4/455 4/458
4446V;2;CONFORTO EM EDIFICACOES;TEORICA;460;3LM;4/451
48305;2;DESENHO GEOMETRICO;PRATICA;260;2LM;4/804
48319;4;DESENHO TECNICO;TEORICA;380;4LM 5NP;4/450 4/456 4/452
46505;2;DESIGN DE INTERACAO;PRATICA;127;4NP;4/630
4636Q;4;DISCIPLINA INTEGRADORA II;TEORICA;168;4LMNP;4/624
4645P;2;DISCIPLINA INTEGRADORA I LOGICA E PROGRAMACAO;PRATICA;128;6AB;4/606
4480V;6;ENGENHARIA BIOQUIMICA E DE ALIMENTOS;TEORICO-PRATICA;390;2LM 3JK 4LM;4/456
4480B;4;ENGENHARIA DE PROCESSOS;TEORICO-PRATICA;380;2NP 5JK;4/456
46506;4;ENGENHARIA DE REQUISITOS;PRATICA;127;3LM 5LM;4/624 4/630
46241;2;ENGENHARIA DE SOFTWARE;TEORICA;480;4LM;4/455
4620V;4;ENGENHARIA DE SOFTWARE - EC;TEORICA;590;3JK 5JK;4/450
44798;4;ENGENHARIA ECONOMICA;TEORICA;127;3JK 5JK;4/630
48215;2;ESTETICA E HISTORIA DA ARTE;TEORICA;260;6FG;4/804
48357;3;EXPRESSAO E REPRESENTACAO II;TEORICA;260;4IJK;4/804
48358;3;EXPRESSAO E REPRESENTACAO III;PRATICA;280;2FGH;4/804
4480G;4;FENOMENOS DE TRANSPORTE III;TEORICO-PRATICA;380;2LM 3JK;4/456
4610T;2;FERRAMENTAS COMPUTACIONAIS;PRATICA;360;5JK;4/452 4/455 4/458
4637P;2;FUNDAMENTOS DA COMPUTACAO;TEORICA;168;2NP;4/624
4645Z;4;FUNDAMENTOS DE COMPUTACAO GRAFICA;TEORICA;128;3CD 5CD;4/606
4646A;4;FUNDAMENTOS DE INTELIGENCIA ARTIFICIAL;TEORICA;128;3EY 5EY;4/606
4611C;6;FUNDAMENTOS DE PROGRAMACAO;PRATICA;138;2EY 4EY 6CD;4/606 4/630
4646B;4;FUNDAMENTOS DE SISTEMAS DIGITAIS;PRATICA;128;4CD 6CD;4/606
48347;3;GEOMETRIA DESCRITIVA I;PRATICA;260;2IJK;4/804
48346;3;GEOMETRIA DESCRITIVA II;TEORICA;270;3FGH;4/804
4636M;2;GERENCIA DE REDES DE COMPUTADORES;PRATICA;168;4NP;4/624
46510;4;GERENCIAMENTO DE PROJETO DE SOFTWARE;TEORICA;127;3JK 5JK;4/630
11521;4;HUMANISMO E CULTURA RELIGIOSA;TEORICA;128;2EY 4EY;4/604 4/606 4/455
4450K;3;INSTALACOES PREDIAIS I;TEORICO-PRATICA;260;4IJK;4/803 4/804
4621A;4;INTELIGENCIA ARTIFICIAL APLICADA - EC;TEORICA;590;3LM 5LM;4/450
4646E;4;INTERPRETACAO DE LINGUAGENS DE PROGRAMACAO;TEORICA;128;3CD 5CD;4/606
4646F;4;INTRODUCAO A CIENCIA DA COMPUTACAO;PRATICA;128;3CD 5CD;4/606
4646G;4;INTRODUCAO A REDES DE COMPUTADORES;TEORICA;128;2CD 4CD;4/606
46184;2;LAB. DE ORGANIZACAO DE COMPUTADORES;PRATICA;490;5AB;4/450
4611D;2;LABORATORIO DE BANCO DE DADOS;PRATICA;168;6NP;4/624 4/630
4621C;2;LABORATORIO DE REDES;PRATICA;590;2JK;4/450
4646I;4;LABORATORIO DE SISTEMAS OPERACIONAIS;PRATICA;128;3AB 5AB;4/606
46514;4;LINGUAGENS DE PROGRAMACAO;TEORICA;127;3NP 5NP;4/630
4611E;4;LOGICA PARA COMPUTACAO;TEORICA;128;2AB 4AB;4/606 4/624 4/630
46516;2;MANUTENCAO DE SOFTWARE;TEORICA;127;3LM;4/630
44295;4;MECANICA DOS FLUIDOS;TEORICA;460;5LMNP;4/451 4/457 4/458
4620U;4;METODOS COMPUTACIONAIS - EC;TEORICA;590;3JK 5JK;4/450
4646M;4;METODOS FORMAIS PARA COMPUTACAO;TEORICA;128;2CD 4CD;4/606
4636X;4;MODELAGEM DE NEGOCIO;PRATICA;168;2NP 4NP;4/624
4646P;2;MODELOS PARA COMPUTACAO CONCORRENTE;PRATICA;128;2CD;4/606
4480H;6;OPERACOES UNITARIAS I;TEORICO-PRATICA;390;3NP 5LM 6LM;4/456
4480N;6;OPERACOES UNITARIAS III;TEORICO-PRATICA;380;2LM 4JK 6JK;4/456
4646Q;4;ORGANIZACAO E ARQUITETURA DE COMPUTADORES I;TEORICA;128;4CD 6CD;4/606
48222;2;PENSAMENTO ARQUITETONICO E CONTEMPORANEO;TEORICA;260;2JK;4/804
46522;4;PRATICA NA AGES I 120 HS;PRATICA;127;2JK 4JK;4/630
46523;4;PRATICA NA AGES II - 120 HS;PRATICA;137;2JK 4JK;4/630
46525;4;PRATICA NA AGES IV - 120 HS;PRATICA;127;6LMNP;4/630
4480W;4;PROCESSOS INDUSTRIAIS;TEORICA;390;2JK 4LM;4/456
4644G;2;PROGRAMACAO DE PERIFERICOS - CC;PRATICA;128;4JK;4/604 4/605
4645F;4;PROGRAMACAO DISTRIBUIDA;PRATICA;128;3NP 5NP;4/604 4/605
4611F;4;PROGRAMACAO ORIENTADA A OBJETOS;PRATICA;127;2NP 4NP;4/606 4/624 4/630
4611F;4;PROGRAMACAO ORIENTADA A OBJETOS;PRATICA;138;2CD 4EY;4/606 4/624 4/630
46528;2;PROGRAMACAO PARALELA;PRATICA;127;5LM;4/630
4646X;4;PROJETO DE DESENVOLVIMENTO DE JOGOS;PRATICA;128;3AB 5AB;4/606
46529;6;PROJETO E ARQUITETURA DE SOFWARE;PRATICA;127;2LM 4LM 6LM;4/630
4646Z;4;PROJETO E OTIMIZACAO DE ALGORITMOS;TEORICA;128;2AB 4AB;4/606
4637E;2;QUALIDADE DE PRODUTO;TEORICA;168;2NP;4/624
54670;2;REDES DE COMPUTADORES;TEORICA;1;4AB;9/404
4458D;4;REDES DE COMUNICACAO II;TEORICA;590;3LM 5LM;4/450 4/453
48240;1;SAIDA DE CAMPO I;TEORICA;260;6L;4/804
48241;1;SAIDA DE CAMPO II;TEORICA;280;6P;4/804
4611G;4;SIMULACAO E METODOS ANALITICOS;TEORICA;128;3EY 5EY;4/606 4/630
4637F;4;SISTEMAS DE INFORMACAO INTEGRADOS;PRATICA;168;3NP 5NP;4/624
4647B;4;SISTEMAS DISTRIBUIDOS;TEORICA;128;3CD 5CD;4/606
54665;3;SISTEMAS MULTIAGENTES;TEORICA;1;2CDE;9/404
4647D;4;SISTEMAS OPERACIONAIS;TEORICA;168;3LM 6LM;4/606 4/624
4444M;4;SOLDAGEM;TEORICO-PRATICA;380;2NP 3LM;4/452
46180;4;TEORIA DA COMPUTABILIDADE;TEORICA;590;2AB 4AB;4/450
4480J;6;TERMODINAMICA I;TEORICO-PRATICA;370;2NP 3JK 5LM;4/456
4637K;2;TOPICOS AVANCADOS EM GESTAO DE DADOS;TEORICA;168;2LM;4/624
4621E;2;TRABALHO DE CONCLUSAO DE CURSO - EC;TEORICO-PRATICA;590;4HI;4/450
4637M;4;TRABALHO DE CONCLUSAO II;PRATICA;168;6ABCD;4/624
4811E;2;URBAN EXPERIENCES;TEORICA;260;6FG;4/804
46534;2;VERIFICACAO E VALIDACAO DE SOFTWARE II;TEORICA;127;3LM;4/630
